{"errors":[],"warnings":[],"namedChunkGroups":{"app":{"chunks":[8,3],"assets":["webpack-runtime-482e3ea1a6bc4e72758b.js","webpack-runtime-482e3ea1a6bc4e72758b.js.map","app-b1d151fb3eb972974a28.js","app-b1d151fb3eb972974a28.js.map"],"children":{},"childAssets":{}},"component---node-modules-gatsby-plugin-offline-app-shell-js":{"chunks":[4],"assets":["component---node-modules-gatsby-plugin-offline-app-shell-js-e912761eb543cc586157.js","component---node-modules-gatsby-plugin-offline-app-shell-js-e912761eb543cc586157.js.map"],"children":{},"childAssets":{}},"component---src-pages-404-js":{"chunks":[0,1,5],"assets":["0-af05568d625e6920485b.js","0-af05568d625e6920485b.js.map","1.30416f852040eb9abf98.css","1-66215c9ee03ed30744b4.js","1-66215c9ee03ed30744b4.js.map","component---src-pages-404-js-1c645fc0e07fe64502d0.js","component---src-pages-404-js-1c645fc0e07fe64502d0.js.map"],"children":{},"childAssets":{}},"component---src-pages-generic-js":{"chunks":[0,2,1,6],"assets":["0-af05568d625e6920485b.js","0-af05568d625e6920485b.js.map","2-b07dbbed9f4b3471e36e.js","2-b07dbbed9f4b3471e36e.js.map","1.30416f852040eb9abf98.css","1-66215c9ee03ed30744b4.js","1-66215c9ee03ed30744b4.js.map","component---src-pages-generic-js-3a1ed7e684b089b463f9.js","component---src-pages-generic-js-3a1ed7e684b089b463f9.js.map"],"children":{},"childAssets":{}},"component---src-pages-index-js":{"chunks":[0,2,9,1,7],"assets":["0-af05568d625e6920485b.js","0-af05568d625e6920485b.js.map","2-b07dbbed9f4b3471e36e.js","2-b07dbbed9f4b3471e36e.js.map","9-9b49efc9802a15aa046e.js","9-9b49efc9802a15aa046e.js.map","1.30416f852040eb9abf98.css","1-66215c9ee03ed30744b4.js","1-66215c9ee03ed30744b4.js.map","component---src-pages-index-js-208bcc4ae160c48b2f27.js","component---src-pages-index-js-208bcc4ae160c48b2f27.js.map"],"children":{},"childAssets":{}}},"assetsByChunkName":{"app":["webpack-runtime-482e3ea1a6bc4e72758b.js","app-b1d151fb3eb972974a28.js"],"component---node-modules-gatsby-plugin-offline-app-shell-js":["component---node-modules-gatsby-plugin-offline-app-shell-js-e912761eb543cc586157.js"],"component---src-pages-404-js":["0-af05568d625e6920485b.js","1.30416f852040eb9abf98.css","1-66215c9ee03ed30744b4.js","component---src-pages-404-js-1c645fc0e07fe64502d0.js"],"component---src-pages-generic-js":["0-af05568d625e6920485b.js","2-b07dbbed9f4b3471e36e.js","1.30416f852040eb9abf98.css","1-66215c9ee03ed30744b4.js","component---src-pages-generic-js-3a1ed7e684b089b463f9.js"],"component---src-pages-index-js":["0-af05568d625e6920485b.js","2-b07dbbed9f4b3471e36e.js","9-9b49efc9802a15aa046e.js","1.30416f852040eb9abf98.css","1-66215c9ee03ed30744b4.js","component---src-pages-index-js-208bcc4ae160c48b2f27.js"]}}