{"errors":[],"warnings":[],"namedChunkGroups":{"app":{"chunks":[8,3],"assets":["webpack-runtime-a985a19464f47345e17f.js","webpack-runtime-a985a19464f47345e17f.js.map","app-b1d151fb3eb972974a28.js","app-b1d151fb3eb972974a28.js.map"],"children":{},"childAssets":{}},"component---node-modules-gatsby-plugin-offline-app-shell-js":{"chunks":[4],"assets":["component---node-modules-gatsby-plugin-offline-app-shell-js-e912761eb543cc586157.js","component---node-modules-gatsby-plugin-offline-app-shell-js-e912761eb543cc586157.js.map"],"children":{},"childAssets":{}},"component---src-pages-404-js":{"chunks":[0,1,5],"assets":["0-314f0da3968e36e799d9.js","0-314f0da3968e36e799d9.js.map","1.30416f852040eb9abf98.css","1-57a2b3c5a16d36d17640.js","1-57a2b3c5a16d36d17640.js.map","component---src-pages-404-js-1c645fc0e07fe64502d0.js","component---src-pages-404-js-1c645fc0e07fe64502d0.js.map"],"children":{},"childAssets":{}},"component---src-pages-generic-js":{"chunks":[0,2,1,6],"assets":["0-314f0da3968e36e799d9.js","0-314f0da3968e36e799d9.js.map","2-b07dbbed9f4b3471e36e.js","2-b07dbbed9f4b3471e36e.js.map","1.30416f852040eb9abf98.css","1-57a2b3c5a16d36d17640.js","1-57a2b3c5a16d36d17640.js.map","component---src-pages-generic-js-3a1ed7e684b089b463f9.js","component---src-pages-generic-js-3a1ed7e684b089b463f9.js.map"],"children":{},"childAssets":{}},"component---src-pages-index-js":{"chunks":[0,2,9,1,7],"assets":["0-314f0da3968e36e799d9.js","0-314f0da3968e36e799d9.js.map","2-b07dbbed9f4b3471e36e.js","2-b07dbbed9f4b3471e36e.js.map","9-ec6a2c5ae8d7e5279b8d.js","9-ec6a2c5ae8d7e5279b8d.js.map","1.30416f852040eb9abf98.css","1-57a2b3c5a16d36d17640.js","1-57a2b3c5a16d36d17640.js.map","component---src-pages-index-js-b736cd2488b92591395a.js","component---src-pages-index-js-b736cd2488b92591395a.js.map"],"children":{},"childAssets":{}}},"assetsByChunkName":{"app":["webpack-runtime-a985a19464f47345e17f.js","app-b1d151fb3eb972974a28.js"],"component---node-modules-gatsby-plugin-offline-app-shell-js":["component---node-modules-gatsby-plugin-offline-app-shell-js-e912761eb543cc586157.js"],"component---src-pages-404-js":["0-314f0da3968e36e799d9.js","1.30416f852040eb9abf98.css","1-57a2b3c5a16d36d17640.js","component---src-pages-404-js-1c645fc0e07fe64502d0.js"],"component---src-pages-generic-js":["0-314f0da3968e36e799d9.js","2-b07dbbed9f4b3471e36e.js","1.30416f852040eb9abf98.css","1-57a2b3c5a16d36d17640.js","component---src-pages-generic-js-3a1ed7e684b089b463f9.js"],"component---src-pages-index-js":["0-314f0da3968e36e799d9.js","2-b07dbbed9f4b3471e36e.js","9-ec6a2c5ae8d7e5279b8d.js","1.30416f852040eb9abf98.css","1-57a2b3c5a16d36d17640.js","component---src-pages-index-js-b736cd2488b92591395a.js"]}}